"Data Source","World Development Indicators",

"Last Updated Date","2019-12-20",

"Country Name","Country Code","Indicator Name","Indicator Code","1960","1961","1962","1963","1964","1965","1966","1967","1968","1969","1970","1971","1972","1973","1974","1975","1976","1977","1978","1979","1980","1981","1982","1983","1984","1985","1986","1987","1988","1989","1990","1991","1992","1993","1994","1995","1996","1997","1998","1999","2000","2001","2002","2003","2004","2005","2006","2007","2008","2009","2010","2011","2012","2013","2014","2015","2016","2017","2018","2019",
"Aruba","ABW","Ease of doing business index (1=most business-friendly regulations)","IC.BUS.EASE.XQ","","","","","","","","","","","","","","","","","","","","","","","","","","","","","","","","","","","","","","","","","","","","","","","","","","","","","","","","","","","","",
"Afghanistan","AFG","Ease of doing business index (1=most business-friendly regulations)","IC.BUS.EASE.XQ","","","","","","","","","","","","","","","","","","","","","","","","","","","","","","","","","","","","","","","","","","","","","","","","","","","","","","","","","","","","173",
"Angola","AGO","Ease of doing business index (1=most business-friendly regulations)","IC.BUS.EASE.XQ","","","","","","","","","","","","","","","","","","","","","","","","","","","","","","","","","","","","","","","","","","","","","","","","","","","","","","","","","","","","177",
"Albania","ALB","Ease of doing business index (1=most business-friendly regulations)","IC.BUS.EASE.XQ","","","","","","","","","","","","","","","","","","","","","","","","","","","","","","","","","","","","","","","","","","","","","","","","","","","","","","","","","","","","82",
"Andorra","AND","Ease of doing business index (1=most business-friendly regulations)","IC.BUS.EASE.XQ","","","","","","","","","","","","","","","","","","","","","","","","","","","","","","","","","","","","","","","","","","","","","","","","","","","","","","","","","","","","",
"Arab World","ARB","Ease of doing business index (1=most business-friendly regulations)","IC.BUS.EASE.XQ","","","","","","","","","","","","","","","","","","","","","","","","","","","","","","","","","","","","","","","","","","","","","","","","","","","","","","","","","","","","",
"United Arab Emirates","ARE","Ease of doing business index (1=most business-friendly regulations)","IC.BUS.EASE.XQ","","","","","","","","","","","","","","","","","","","","","","","","","","","","","","","","","","","","","","","","","","","","","","","","","","","","","","","","","","","","16",
"Argentina","ARG","Ease of doing business index (1=most business-friendly regulations)","IC.BUS.EASE.XQ","","","","","","","","","","","","","","","","","","","","","","","","","","","","","","","","","","","","","","","","","","","","","","","","","","","","","","","","","","","","126",
"Armenia","ARM","Ease of doing business index (1=most business-friendly regulations)","IC.BUS.EASE.XQ","","","","","","","","","","","","","","","","","","","","","","","","","","","","","","","","","","","","","","","","","","","","","","","","","","","","","","","","","","","","47",
"American Samoa","ASM","Ease of doing business index (1=most business-friendly regulations)","IC.BUS.EASE.XQ","","","","","","","","","","","","","","","","","","","","","","","","","","","","","","","","","","","","","","","","","","","","","","","","","","","","","","","","","","","","",
"Antigua and Barbuda","ATG","Ease of doing business index (1=most business-friendly regulations)","IC.BUS.EASE.XQ","","","","","","","","","","","","","","","","","","","","","","","","","","","","","","","","","","","","","","","","","","","","","","","","","","","","","","","","","","","","113",
"Australia","AUS","Ease of doing business index (1=most business-friendly regulations)","IC.BUS.EASE.XQ","","","","","","","","","","","","","","","","","","","","","","","","","","","","","","","","","","","","","","","","","","","","","","","","","","","","","","","","","","","","14",
"Austria","AUT","Ease of doing business index (1=most business-friendly regulations)","IC.BUS.EASE.XQ","","","","","","","","","","","","","","","","","","","","","","","","","","","","","","","","","","","","","","","","","","","","","","","","","","","","","","","","","","","","27",
"Azerbaijan","AZE","Ease of doing business index (1=most business-friendly regulations)","IC.BUS.EASE.XQ","","","","","","","","","","","","","","","","","","","","","","","","","","","","","","","","","","","","","","","","","","","","","","","","","","","","","","","","","","","","34",
"Burundi","BDI","Ease of doing business index (1=most business-friendly regulations)","IC.BUS.EASE.XQ","","","","","","","","","","","","","","","","","","","","","","","","","","","","","","","","","","","","","","","","","","","","","","","","","","","","","","","","","","","","166",
"Belgium","BEL","Ease of doing business index (1=most business-friendly regulations)","IC.BUS.EASE.XQ","","","","","","","","","","","","","","","","","","","","","","","","","","","","","","","","","","","","","","","","","","","","","","","","","","","","","","","","","","","","46",
"Benin","BEN","Ease of doing business index (1=most business-friendly regulations)","IC.BUS.EASE.XQ","","","","","","","","","","","","","","","","","","","","","","","","","","","","","","","","","","","","","","","","","","","","","","","","","","","","","","","","","","","","149",
"Burkina Faso","BFA","Ease of doing business index (1=most business-friendly regulations)","IC.BUS.EASE.XQ","","","","","","","","","","","","","","","","","","","","","","","","","","","","","","","","","","","","","","","","","","","","","","","","","","","","","","","","","","","","151",
"Bangladesh","BGD","Ease of doing business index (1=most business-friendly regulations)","IC.BUS.EASE.XQ","","","","","","","","","","","","","","","","","","","","","","","","","","","","","","","","","","","","","","","","","","","","","","","","","","","","","","","","","","","","168",
"Bulgaria","BGR","Ease of doing business index (1=most business-friendly regulations)","IC.BUS.EASE.XQ","","","","","","","","","","","","","","","","","","","","","","","","","","","","","","","","","","","","","","","","","","","","","","","","","","","","","","","","","","","","61",
"Bahrain","BHR","Ease of doing business index (1=most business-friendly regulations)","IC.BUS.EASE.XQ","","","","","","","","","","","","","","","","","","","","","","","","","","","","","","","","","","","","","","","","","","","","","","","","","","","","","","","","","","","","43",
"Bahamas, The","BHS","Ease of doing business index (1=most business-friendly regulations)","IC.BUS.EASE.XQ","","","","","","","","","","","","","","","","","","","","","","","","","","","","","","","","","","","","","","","","","","","","","","","","","","","","","","","","","","","","119",
"Bosnia and Herzegovina","BIH","Ease of doing business index (1=most business-friendly regulations)","IC.BUS.EASE.XQ","","","","","","","","","","","","","","","","","","","","","","","","","","","","","","","","","","","","","","","","","","","","","","","","","","","","","","","","","","","","90",
"Belarus","BLR","Ease of doing business index (1=most business-friendly regulations)","IC.BUS.EASE.XQ","","","","","","","","","","","","","","","","","","","","","","","","","","","","","","","","","","","","","","","","","","","","","","","","","","","","","","","","","","","","49",
"Belize","BLZ","Ease of doing business index (1=most business-friendly regulations)","IC.BUS.EASE.XQ","","","","","","","","","","","","","","","","","","","","","","","","","","","","","","","","","","","","","","","","","","","","","","","","","","","","","","","","","","","","135",
"Bermuda","BMU","Ease of doing business index (1=most business-friendly regulations)","IC.BUS.EASE.XQ","","","","","","","","","","","","","","","","","","","","","","","","","","","","","","","","","","","","","","","","","","","","","","","","","","","","","","","","","","","","",
"Bolivia","BOL","Ease of doing business index (1=most business-friendly regulations)","IC.BUS.EASE.XQ","","","","","","","","","","","","","","","","","","","","","","","","","","","","","","","","","","","","","","","","","","","","","","","","","","","","","","","","","","","","150",
"Brazil","BRA","Ease of doing business index (1=most business-friendly regulations)","IC.BUS.EASE.XQ","","","","","","","","","","","","","","","","","","","","","","","","","","","","","","","","","","","","","","","","","","","","","","","","","","","","","","","","","","","","124",
"Barbados","BRB","Ease of doing business index (1=most business-friendly regulations)","IC.BUS.EASE.XQ","","","","","","","","","","","","","","","","","","","","","","","","","","","","","","","","","","","","","","","","","","","","","","","","","","","","","","","","","","","","128",
"Brunei Darussalam","BRN","Ease of doing business index (1=most business-friendly regulations)","IC.BUS.EASE.XQ","","","","","","","","","","","","","","","","","","","","","","","","","","","","","","","","","","","","","","","","","","","","","","","","","","","","","","","","","","","","66",
"Bhutan","BTN","Ease of doing business index (1=most business-friendly regulations)","IC.BUS.EASE.XQ","","","","","","","","","","","","","","","","","","","","","","","","","","","","","","","","","","","","","","","","","","","","","","","","","","","","","","","","","","","","89",
"Botswana","BWA","Ease of doing business index (1=most business-friendly regulations)","IC.BUS.EASE.XQ","","","","","","","","","","","","","","","","","","","","","","","","","","","","","","","","","","","","","","","","","","","","","","","","","","","","","","","","","","","","87",
"Central African Republic","CAF","Ease of doing business index (1=most business-friendly regulations)","IC.BUS.EASE.XQ","","","","","","","","","","","","","","","","","","","","","","","","","","","","","","","","","","","","","","","","","","","","","","","","","","","","","","","","","","","","184",
"Canada","CAN","Ease of doing business index (1=most business-friendly regulations)","IC.BUS.EASE.XQ","","","","","","","","","","","","","","","","","","","","","","","","","","","","","","","","","","","","","","","","","","","","","","","","","","","","","","","","","","","","23",
"Central Europe and the Baltics","CEB","Ease of doing business index (1=most business-friendly regulations)","IC.BUS.EASE.XQ","","","","","","","","","","","","","","","","","","","","","","","","","","","","","","","","","","","","","","","","","","","","","","","","","","","","","","","","","","","","",
"Switzerland","CHE","Ease of doing business index (1=most business-friendly regulations)","IC.BUS.EASE.XQ","","","","","","","","","","","","","","","","","","","","","","","","","","","","","","","","","","","","","","","","","","","","","","","","","","","","","","","","","","","","36",
"Channel Islands","CHI","Ease of doing business index (1=most business-friendly regulations)","IC.BUS.EASE.XQ","","","","","","","","","","","","","","","","","","","","","","","","","","","","","","","","","","","","","","","","","","","","","","","","","","","","","","","","","","","","",
"Chile","CHL","Ease of doing business index (1=most business-friendly regulations)","IC.BUS.EASE.XQ","","","","","","","","","","","","","","","","","","","","","","","","","","","","","","","","","","","","","","","","","","","","","","","","","","","","","","","","","","","","59",
"China","CHN","Ease of doing business index (1=most business-friendly regulations)","IC.BUS.EASE.XQ","","","","","","","","","","","","","","","","","","","","","","","","","","","","","","","","","","","","","","","","","","","","","","","","","","","","","","","","","","","","31",
"Cote d'Ivoire","CIV","Ease of doing business index (1=most business-friendly regulations)","IC.BUS.EASE.XQ","","","","","","","","","","","","","","","","","","","","","","","","","","","","","","","","","","","","","","","","","","","","","","","","","","","","","","","","","","","","110",
"Cameroon","CMR","Ease of doing business index (1=most business-friendly regulations)","IC.BUS.EASE.XQ","","","","","","","","","","","","","","","","","","","","","","","","","","","","","","","","","","","","","","","","","","","","","","","","","","","","","","","","","","","","167",
"Congo, Dem. Rep.","COD","Ease of doing business index (1=most business-friendly regulations)","IC.BUS.EASE.XQ","","","","","","","","","","","","","","","","","","","","","","","","","","","","","","","","","","","","","","","","","","","","","","","","","","","","","","","","","","","","183",
"Congo, Rep.","COG","Ease of doing business index (1=most business-friendly regulations)","IC.BUS.EASE.XQ","","","","","","","","","","","","","","","","","","","","","","","","","","","","","","","","","","","","","","","","","","","","","","","","","","","","","","","","","","","","180",
"Colombia","COL","Ease of doing business index (1=most business-friendly regulations)","IC.BUS.EASE.XQ","","","","","","","","","","","","","","","","","","","","","","","","","","","","","","","","","","","","","","","","","","","","","","","","","","","","","","","","","","","","67",
"Comoros","COM","Ease of doing business index (1=most business-friendly regulations)","IC.BUS.EASE.XQ","","","","","","","","","","","","","","","","","","","","","","","","","","","","","","","","","","","","","","","","","","","","","","","","","","","","","","","","","","","","160",
"Cabo Verde","CPV","Ease of doing business index (1=most business-friendly regulations)","IC.BUS.EASE.XQ","","","","","","","","","","","","","","","","","","","","","","","","","","","","","","","","","","","","","","","","","","","","","","","","","","","","","","","","","","","","137",
"Costa Rica","CRI","Ease of doing business index (1=most business-friendly regulations)","IC.BUS.EASE.XQ","","","","","","","","","","","","","","","","","","","","","","","","","","","","","","","","","","","","","","","","","","","","","","","","","","","","","","","","","","","","74",
"Caribbean small states","CSS","Ease of doing business index (1=most business-friendly regulations)","IC.BUS.EASE.XQ","","","","","","","","","","","","","","","","","","","","","","","","","","","","","","","","","","","","","","","","","","","","","","","","","","","","","","","","","","","","",
"Cuba","CUB","Ease of doing business index (1=most business-friendly regulations)","IC.BUS.EASE.XQ","","","","","","","","","","","","","","","","","","","","","","","","","","","","","","","","","","","","","","","","","","","","","","","","","","","","","","","","","","","","",
"Curacao","CUW","Ease of doing business index (1=most business-friendly regulations)","IC.BUS.EASE.XQ","","","","","","","","","","","","","","","","","","","","","","","","","","","","","","","","","","","","","","","","","","","","","","","","","","","","","","","","","","","","",
"Cayman Islands","CYM","Ease of doing business index (1=most business-friendly regulations)","IC.BUS.EASE.XQ","","","","","","","","","","","","","","","","","","","","","","","","","","","","","","","","","","","","","","","","","","","","","","","","","","","","","","","","","","","","",
"Cyprus","CYP","Ease of doing business index (1=most business-friendly regulations)","IC.BUS.EASE.XQ","","","","","","","","","","","","","","","","","","","","","","","","","","","","","","","","","","","","","","","","","","","","","","","","","","","","","","","","","","","","54",
"Czech Republic","CZE","Ease of doing business index (1=most business-friendly regulations)","IC.BUS.EASE.XQ","","","","","","","","","","","","","","","","","","","","","","","","","","","","","","","","","","","","","","","","","","","","","","","","","","","","","","","","","","","","41",
"Germany","DEU","Ease of doing business index (1=most business-friendly regulations)","IC.BUS.EASE.XQ","","","","","","","","","","","","","","","","","","","","","","","","","","","","","","","","","","","","","","","","","","","","","","","","","","","","","","","","","","","","22",
"Djibouti","DJI","Ease of doing business index (1=most business-friendly regulations)","IC.BUS.EASE.XQ","","","","","","","","","","","","","","","","","","","","","","","","","","","","","","","","","","","","","","","","","","","","","","","","","","","","","","","","","","","","112",
"Dominica","DMA","Ease of doing business index (1=most business-friendly regulations)","IC.BUS.EASE.XQ","","","","","","","","","","","","","","","","","","","","","","","","","","","","","","","","","","","","","","","","","","","","","","","","","","","","","","","","","","","","111",
"Denmark","DNK","Ease of doing business index (1=most business-friendly regulations)","IC.BUS.EASE.XQ","","","","","","","","","","","","","","","","","","","","","","","","","","","","","","","","","","","","","","","","","","","","","","","","","","","","","","","","","","","","4",
"Dominican Republic","DOM","Ease of doing business index (1=most business-friendly regulations)","IC.BUS.EASE.XQ","","","","","","","","","","","","","","","","","","","","","","","","","","","","","","","","","","","","","","","","","","","","","","","","","","","","","","","","","","","","115",
"Algeria","DZA","Ease of doing business index (1=most business-friendly regulations)","IC.BUS.EASE.XQ","","","","","","","","","","","","","","","","","","","","","","","","","","","","","","","","","","","","","","","","","","","","","","","","","","","","","","","","","","","","157",
"East Asia & Pacific (excluding high income)","EAP","Ease of doing business index (1=most business-friendly regulations)","IC.BUS.EASE.XQ","","","","","","","","","","","","","","","","","","","","","","","","","","","","","","","","","","","","","","","","","","","","","","","","","","","","","","","","","","","","",
"Early-demographic dividend","EAR","Ease of doing business index (1=most business-friendly regulations)","IC.BUS.EASE.XQ","","","","","","","","","","","","","","","","","","","","","","","","","","","","","","","","","","","","","","","","","","","","","","","","","","","","","","","","","","","","",
"East Asia & Pacific","EAS","Ease of doing business index (1=most business-friendly regulations)","IC.BUS.EASE.XQ","","","","","","","","","","","","","","","","","","","","","","","","","","","","","","","","","","","","","","","","","","","","","","","","","","","","","","","","","","","","",
"Europe & Central Asia (excluding high income)","ECA","Ease of doing business index (1=most business-friendly regulations)","IC.BUS.EASE.XQ","","","","","","","","","","","","","","","","","","","","","","","","","","","","","","","","","","","","","","","","","","","","","","","","","","","","","","","","","","","","",
"Europe & Central Asia","ECS","Ease of doing business index (1=most business-friendly regulations)","IC.BUS.EASE.XQ","","","","","","","","","","","","","","","","","","","","","","","","","","","","","","","","","","","","","","","","","","","","","","","","","","","","","","","","","","","","",
"Ecuador","ECU","Ease of doing business index (1=most business-friendly regulations)","IC.BUS.EASE.XQ","","","","","","","","","","","","","","","","","","","","","","","","","","","","","","","","","","","","","","","","","","","","","","","","","","","","","","","","","","","","129",
"Egypt, Arab Rep.","EGY","Ease of doing business index (1=most business-friendly regulations)","IC.BUS.EASE.XQ","","","","","","","","","","","","","","","","","","","","","","","","","","","","","","","","","","","","","","","","","","","","","","","","","","","","","","","","","","","","114",
"Euro area","EMU","Ease of doing business index (1=most business-friendly regulations)","IC.BUS.EASE.XQ","","","","","","","","","","","","","","","","","","","","","","","","","","","","","","","","","","","","","","","","","","","","","","","","","","","","","","","","","","","","",
"Eritrea","ERI","Ease of doing business index (1=most business-friendly regulations)","IC.BUS.EASE.XQ","","","","","","","","","","","","","","","","","","","","","","","","","","","","","","","","","","","","","","","","","","","","","","","","","","","","","","","","","","","","189",
"Spain","ESP","Ease of doing business index (1=most business-friendly regulations)","IC.BUS.EASE.XQ","","","","","","","","","","","","","","","","","","","","","","","","","","","","","","","","","","","","","","","","","","","","","","","","","","","","","","","","","","","","30",
"Estonia","EST","Ease of doing business index (1=most business-friendly regulations)","IC.BUS.EASE.XQ","","","","","","","","","","","","","","","","","","","","","","","","","","","","","","","","","","","","","","","","","","","","","","","","","","","","","","","","","","","","18",
"Ethiopia","ETH","Ease of doing business index (1=most business-friendly regulations)","IC.BUS.EASE.XQ","","","","","","","","","","","","","","","","","","","","","","","","","","","","","","","","","","","","","","","","","","","","","","","","","","","","","","","","","","","","159",
"European Union","EUU","Ease of doing business index (1=most business-friendly regulations)","IC.BUS.EASE.XQ","","","","","","","","","","","","","","","","","","","","","","","","","","","","","","","","","","","","","","","","","","","","","","","","","","","","","","","","","","","","",
"Fragile and conflict affected situations","FCS","Ease of doing business index (1=most business-friendly regulations)","IC.BUS.EASE.XQ","","","","","","","","","","","","","","","","","","","","","","","","","","","","","","","","","","","","","","","","","","","","","","","","","","","","","","","","","","","","",
"Finland","FIN","Ease of doing business index (1=most business-friendly regulations)","IC.BUS.EASE.XQ","","","","","","","","","","","","","","","","","","","","","","","","","","","","","","","","","","","","","","","","","","","","","","","","","","","","","","","","","","","","20",
"Fiji","FJI","Ease of doing business index (1=most business-friendly regulations)","IC.BUS.EASE.XQ","","","","","","","","","","","","","","","","","","","","","","","","","","","","","","","","","","","","","","","","","","","","","","","","","","","","","","","","","","","","102",
"France","FRA","Ease of doing business index (1=most business-friendly regulations)","IC.BUS.EASE.XQ","","","","","","","","","","","","","","","","","","","","","","","","","","","","","","","","","","","","","","","","","","","","","","","","","","","","","","","","","","","","32",
"Faroe Islands","FRO","Ease of doing business index (1=most business-friendly regulations)","IC.BUS.EASE.XQ","","","","","","","","","","","","","","","","","","","","","","","","","","","","","","","","","","","","","","","","","","","","","","","","","","","","","","","","","","","","",
"Micronesia, Fed. Sts.","FSM","Ease of doing business index (1=most business-friendly regulations)","IC.BUS.EASE.XQ","","","","","","","","","","","","","","","","","","","","","","","","","","","","","","","","","","","","","","","","","","","","","","","","","","","","","","","","","","","","158",
"Gabon","GAB","Ease of doing business index (1=most business-friendly regulations)","IC.BUS.EASE.XQ","","","","","","","","","","","","","","","","","","","","","","","","","","","","","","","","","","","","","","","","","","","","","","","","","","","","","","","","","","","","169",
"United Kingdom","GBR","Ease of doing business index (1=most business-friendly regulations)","IC.BUS.EASE.XQ","","","","","","","","","","","","","","","","","","","","","","","","","","","","","","","","","","","","","","","","","","","","","","","","","","","","","","","","","","","","8",
"Georgia","GEO","Ease of doing business index (1=most business-friendly regulations)","IC.BUS.EASE.XQ","","","","","","","","","","","","","","","","","","","","","","","","","","","","","","","","","","","","","","","","","","","","","","","","","","","","","","","","","","","","7",
"Ghana","GHA","Ease of doing business index (1=most business-friendly regulations)","IC.BUS.EASE.XQ","","","","","","","","","","","","","","","","","","","","","","","","","","","","","","","","","","","","","","","","","","","","","","","","","","","","","","","","","","","","118",
"Gibraltar","GIB","Ease of doing business index (1=most business-friendly regulations)","IC.BUS.EASE.XQ","","","","","","","","","","","","","","","","","","","","","","","","","","","","","","","","","","","","","","","","","","","","","","","","","","","","","","","","","","","","",
"Guinea","GIN","Ease of doing business index (1=most business-friendly regulations)","IC.BUS.EASE.XQ","","","","","","","","","","","","","","","","","","","","","","","","","","","","","","","","","","","","","","","","","","","","","","","","","","","","","","","","","","","","156",
"Gambia, The","GMB","Ease of doing business index (1=most business-friendly regulations)","IC.BUS.EASE.XQ","","","","","","","","","","","","","","","","","","","","","","","","","","","","","","","","","","","","","","","","","","","","","","","","","","","","","","","","","","","","155",
"Guinea-Bissau","GNB","Ease of doing business index (1=most business-friendly regulations)","IC.BUS.EASE.XQ","","","","","","","","","","","","","","","","","","","","","","","","","","","","","","","","","","","","","","","","","","","","","","","","","","","","","","","","","","","","174",
"Equatorial Guinea","GNQ","Ease of doing business index (1=most business-friendly regulations)","IC.BUS.EASE.XQ","","","","","","","","","","","","","","","","","","","","","","","","","","","","","","","","","","","","","","","","","","","","","","","","","","","","","","","","","","","","178",
"Greece","GRC","Ease of doing business index (1=most business-friendly regulations)","IC.BUS.EASE.XQ","","","","","","","","","","","","","","","","","","","","","","","","","","","","","","","","","","","","","","","","","","","","","","","","","","","","","","","","","","","","79",
"Grenada","GRD","Ease of doing business index (1=most business-friendly regulations)","IC.BUS.EASE.XQ","","","","","","","","","","","","","","","","","","","","","","","","","","","","","","","","","","","","","","","","","","","","","","","","","","","","","","","","","","","","146",
"Greenland","GRL","Ease of doing business index (1=most business-friendly regulations)","IC.BUS.EASE.XQ","","","","","","","","","","","","","","","","","","","","","","","","","","","","","","","","","","","","","","","","","","","","","","","","","","","","","","","","","","","","",
"Guatemala","GTM","Ease of doing business index (1=most business-friendly regulations)","IC.BUS.EASE.XQ","","","","","","","","","","","","","","","","","","","","","","","","","","","","","","","","","","","","","","","","","","","","","","","","","","","","","","","","","","","","96",
"Guam","GUM","Ease of doing business index (1=most business-friendly regulations)","IC.BUS.EASE.XQ","","","","","","","","","","","","","","","","","","","","","","","","","","","","","","","","","","","","","","","","","","","","","","","","","","","","","","","","","","","","",
"Guyana","GUY","Ease of doing business index (1=most business-friendly regulations)","IC.BUS.EASE.XQ","","","","","","","","","","","","","","","","","","","","","","","","","","","","","","","","","","","","","","","","","","","","","","","","","","","","","","","","","","","","134",
"High income","HIC","Ease of doing business index (1=most business-friendly regulations)","IC.BUS.EASE.XQ","","","","","","","","","","","","","","","","","","","","","","","","","","","","","","","","","","","","","","","","","","","","","","","","","","","","","","","","","","","","",
"Hong Kong SAR, China","HKG","Ease of doing business index (1=most business-friendly regulations)","IC.BUS.EASE.XQ","","","","","","","","","","","","","","","","","","","","","","","","","","","","","","","","","","","","","","","","","","","","","","","","","","","","","","","","","","","","3",
"Honduras","HND","Ease of doing business index (1=most business-friendly regulations)","IC.BUS.EASE.XQ","","","","","","","","","","","","","","","","","","","","","","","","","","","","","","","","","","","","","","","","","","","","","","","","","","","","","","","","","","","","133",
"Heavily indebted poor countries (HIPC)","HPC","Ease of doing business index (1=most business-friendly regulations)","IC.BUS.EASE.XQ","","","","","","","","","","","","","","","","","","","","","","","","","","","","","","","","","","","","","","","","","","","","","","","","","","","","","","","","","","","","",
"Croatia","HRV","Ease of doing business index (1=most business-friendly regulations)","IC.BUS.EASE.XQ","","","","","","","","","","","","","","","","","","","","","","","","","","","","","","","","","","","","","","","","","","","","","","","","","","","","","","","","","","","","51",
"Haiti","HTI","Ease of doing business index (1=most business-friendly regulations)","IC.BUS.EASE.XQ","","","","","","","","","","","","","","","","","","","","","","","","","","","","","","","","","","","","","","","","","","","","","","","","","","","","","","","","","","","","179",
"Hungary","HUN","Ease of doing business index (1=most business-friendly regulations)","IC.BUS.EASE.XQ","","","","","","","","","","","","","","","","","","","","","","","","","","","","","","","","","","","","","","","","","","","","","","","","","","","","","","","","","","","","52",
"IBRD only","IBD","Ease of doing business index (1=most business-friendly regulations)","IC.BUS.EASE.XQ","","","","","","","","","","","","","","","","","","","","","","","","","","","","","","","","","","","","","","","","","","","","","","","","","","","","","","","","","","","","",
"IDA & IBRD total","IBT","Ease of doing business index (1=most business-friendly regulations)","IC.BUS.EASE.XQ","","","","","","","","","","","","","","","","","","","","","","","","","","","","","","","","","","","","","","","","","","","","","","","","","","","","","","","","","","","","",
"IDA total","IDA","Ease of doing business index (1=most business-friendly regulations)","IC.BUS.EASE.XQ","","","","","","","","","","","","","","","","","","","","","","","","","","","","","","","","","","","","","","","","","","","","","","","","","","","","","","","","","","","","",
"IDA blend","IDB","Ease of doing business index (1=most business-friendly regulations)","IC.BUS.EASE.XQ","","","","","","","","","","","","","","","","","","","","","","","","","","","","","","","","","","","","","","","","","","","","","","","","","","","","","","","","","","","","",
"Indonesia","IDN","Ease of doing business index (1=most business-friendly regulations)","IC.BUS.EASE.XQ","","","","","","","","","","","","","","","","","","","","","","","","","","","","","","","","","","","","","","","","","","","","","","","","","","","","","","","","","","","","73",
"IDA only","IDX","Ease of doing business index (1=most business-friendly regulations)","IC.BUS.EASE.XQ","","","","","","","","","","","","","","","","","","","","","","","","","","","","","","","","","","","","","","","","","","","","","","","","","","","","","","","","","","","","",
"Isle of Man","IMN","Ease of doing business index (1=most business-friendly regulations)","IC.BUS.EASE.XQ","","","","","","","","","","","","","","","","","","","","","","","","","","","","","","","","","","","","","","","","","","","","","","","","","","","","","","","","","","","","",
"India","IND","Ease of doing business index (1=most business-friendly regulations)","IC.BUS.EASE.XQ","","","","","","","","","","","","","","","","","","","","","","","","","","","","","","","","","","","","","","","","","","","","","","","","","","","","","","","","","","","","63",
"Not classified","INX","Ease of doing business index (1=most business-friendly regulations)","IC.BUS.EASE.XQ","","","","","","","","","","","","","","","","","","","","","","","","","","","","","","","","","","","","","","","","","","","","","","","","","","","","","","","","","","","","",
"Ireland","IRL","Ease of doing business index (1=most business-friendly regulations)","IC.BUS.EASE.XQ","","","","","","","","","","","","","","","","","","","","","","","","","","","","","","","","","","","","","","","","","","","","","","","","","","","","","","","","","","","","24",
"Iran, Islamic Rep.","IRN","Ease of doing business index (1=most business-friendly regulations)","IC.BUS.EASE.XQ","","","","","","","","","","","","","","","","","","","","","","","","","","","","","","","","","","","","","","","","","","","","","","","","","","","","","","","","","","","","127",
"Iraq","IRQ","Ease of doing business index (1=most business-friendly regulations)","IC.BUS.EASE.XQ","","","","","","","","","","","","","","","","","","","","","","","","","","","","","","","","","","","","","","","","","","","","","","","","","","","","","","","","","","","","172",
"Iceland","ISL","Ease of doing business index (1=most business-friendly regulations)","IC.BUS.EASE.XQ","","","","","","","","","","","","","","","","","","","","","","","","","","","","","","","","","","","","","","","","","","","","","","","","","","","","","","","","","","","","26",
"Israel","ISR","Ease of doing business index (1=most business-friendly regulations)","IC.BUS.EASE.XQ","","","","","","","","","","","","","","","","","","","","","","","","","","","","","","","","","","","","","","","","","","","","","","","","","","","","","","","","","","","","35",
"Italy","ITA","Ease of doing business index (1=most business-friendly regulations)","IC.BUS.EASE.XQ","","","","","","","","","","","","","","","","","","","","","","","","","","","","","","","","","","","","","","","","","","","","","","","","","","","","","","","","","","","","58",
"Jamaica","JAM","Ease of doing business index (1=most business-friendly regulations)","IC.BUS.EASE.XQ","","","","","","","","","","","","","","","","","","","","","","","","","","","","","","","","","","","","","","","","","","","","","","","","","","","","","","","","","","","","71",
"Jordan","JOR","Ease of doing business index (1=most business-friendly regulations)","IC.BUS.EASE.XQ","","","","","","","","","","","","","","","","","","","","","","","","","","","","","","","","","","","","","","","","","","","","","","","","","","","","","","","","","","","","75",
"Japan","JPN","Ease of doing business index (1=most business-friendly regulations)","IC.BUS.EASE.XQ","","","","","","","","","","","","","","","","","","","","","","","","","","","","","","","","","","","","","","","","","","","","","","","","","","","","","","","","","","","","29",
"Kazakhstan","KAZ","Ease of doing business index (1=most business-friendly regulations)","IC.BUS.EASE.XQ","","","","","","","","","","","","","","","","","","","","","","","","","","","","","","","","","","","","","","","","","","","","","","","","","","","","","","","","","","","","25",
"Kenya","KEN","Ease of doing business index (1=most business-friendly regulations)","IC.BUS.EASE.XQ","","","","","","","","","","","","","","","","","","","","","","","","","","","","","","","","","","","","","","","","","","","","","","","","","","","","","","","","","","","","56",
"Kyrgyz Republic","KGZ","Ease of doing business index (1=most business-friendly regulations)","IC.BUS.EASE.XQ","","","","","","","","","","","","","","","","","","","","","","","","","","","","","","","","","","","","","","","","","","","","","","","","","","","","","","","","","","","","80",
"Cambodia","KHM","Ease of doing business index (1=most business-friendly regulations)","IC.BUS.EASE.XQ","","","","","","","","","","","","","","","","","","","","","","","","","","","","","","","","","","","","","","","","","","","","","","","","","","","","","","","","","","","","144",
"Kiribati","KIR","Ease of doing business index (1=most business-friendly regulations)","IC.BUS.EASE.XQ","","","","","","","","","","","","","","","","","","","","","","","","","","","","","","","","","","","","","","","","","","","","","","","","","","","","","","","","","","","","164",
"St. Kitts and Nevis","KNA","Ease of doing business index (1=most business-friendly regulations)","IC.BUS.EASE.XQ","","","","","","","","","","","","","","","","","","","","","","","","","","","","","","","","","","","","","","","","","","","","","","","","","","","","","","","","","","","","139",
"Korea, Rep.","KOR","Ease of doing business index (1=most business-friendly regulations)","IC.BUS.EASE.XQ","","","","","","","","","","","","","","","","","","","","","","","","","","","","","","","","","","","","","","","","","","","","","","","","","","","","","","","","","","","","5",
"Kuwait","KWT","Ease of doing business index (1=most business-friendly regulations)","IC.BUS.EASE.XQ","","","","","","","","","","","","","","","","","","","","","","","","","","","","","","","","","","","","","","","","","","","","","","","","","","","","","","","","","","","","83",
"Latin America & Caribbean (excluding high income)","LAC","Ease of doing business index (1=most business-friendly regulations)","IC.BUS.EASE.XQ","","","","","","","","","","","","","","","","","","","","","","","","","","","","","","","","","","","","","","","","","","","","","","","","","","","","","","","","","","","","",
"Lao PDR","LAO","Ease of doing business index (1=most business-friendly regulations)","IC.BUS.EASE.XQ","","","","","","","","","","","","","","","","","","","","","","","","","","","","","","","","","","","","","","","","","","","","","","","","","","","","","","","","","","","","154",
"Lebanon","LBN","Ease of doing business index (1=most business-friendly regulations)","IC.BUS.EASE.XQ","","","","","","","","","","","","","","","","","","","","","","","","","","","","","","","","","","","","","","","","","","","","","","","","","","","","","","","","","","","","143",
"Liberia","LBR","Ease of doing business index (1=most business-friendly regulations)","IC.BUS.EASE.XQ","","","","","","","","","","","","","","","","","","","","","","","","","","","","","","","","","","","","","","","","","","","","","","","","","","","","","","","","","","","","175",
"Libya","LBY","Ease of doing business index (1=most business-friendly regulations)","IC.BUS.EASE.XQ","","","","","","","","","","","","","","","","","","","","","","","","","","","","","","","","","","","","","","","","","","","","","","","","","","","","","","","","","","","","186",
"St. Lucia","LCA","Ease of doing business index (1=most business-friendly regulations)","IC.BUS.EASE.XQ","","","","","","","","","","","","","","","","","","","","","","","","","","","","","","","","","","","","","","","","","","","","","","","","","","","","","","","","","","","","93",
"Latin America & Caribbean","LCN","Ease of doing business index (1=most business-friendly regulations)","IC.BUS.EASE.XQ","","","","","","","","","","","","","","","","","","","","","","","","","","","","","","","","","","","","","","","","","","","","","","","","","","","","","","","","","","","","",
"Least developed countries: UN classification","LDC","Ease of doing business index (1=most business-friendly regulations)","IC.BUS.EASE.XQ","","","","","","","","","","","","","","","","","","","","","","","","","","","","","","","","","","","","","","","","","","","","","","","","","","","","","","","","","","","","",
"Low income","LIC","Ease of doing business index (1=most business-friendly regulations)","IC.BUS.EASE.XQ","","","","","","","","","","","","","","","","","","","","","","","","","","","","","","","","","","","","","","","","","","","","","","","","","","","","","","","","","","","","",
"Liechtenstein","LIE","Ease of doing business index (1=most business-friendly regulations)","IC.BUS.EASE.XQ","","","","","","","","","","","","","","","","","","","","","","","","","","","","","","","","","","","","","","","","","","","","","","","","","","","","","","","","","","","","",
"Sri Lanka","LKA","Ease of doing business index (1=most business-friendly regulations)","IC.BUS.EASE.XQ","","","","","","","","","","","","","","","","","","","","","","","","","","","","","","","","","","","","","","","","","","","","","","","","","","","","","","","","","","","","99",
"Lower middle income","LMC","Ease of doing business index (1=most business-friendly regulations)","IC.BUS.EASE.XQ","","","","","","","","","","","","","","","","","","","","","","","","","","","","","","","","","","","","","","","","","","","","","","","","","","","","","","","","","","","","",
"Low & middle income","LMY","Ease of doing business index (1=most business-friendly regulations)","IC.BUS.EASE.XQ","","","","","","","","","","","","","","","","","","","","","","","","","","","","","","","","","","","","","","","","","","","","","","","","","","","","","","","","","","","","",
"Lesotho","LSO","Ease of doing business index (1=most business-friendly regulations)","IC.BUS.EASE.XQ","","","","","","","","","","","","","","","","","","","","","","","","","","","","","","","","","","","","","","","","","","","","","","","","","","","","","","","","","","","","122",
"Late-demographic dividend","LTE","Ease of doing business index (1=most business-friendly regulations)","IC.BUS.EASE.XQ","","","","","","","","","","","","","","","","","","","","","","","","","","","","","","","","","","","","","","","","","","","","","","","","","","","","","","","","","","","","",
"Lithuania","LTU","Ease of doing business index (1=most business-friendly regulations)","IC.BUS.EASE.XQ","","","","","","","","","","","","","","","","","","","","","","","","","","","","","","","","","","","","","","","","","","","","","","","","","","","","","","","","","","","","11",
"Luxembourg","LUX","Ease of doing business index (1=most business-friendly regulations)","IC.BUS.EASE.XQ","","","","","","","","","","","","","","","","","","","","","","","","","","","","","","","","","","","","","","","","","","","","","","","","","","","","","","","","","","","","72",
"Latvia","LVA","Ease of doing business index (1=most business-friendly regulations)","IC.BUS.EASE.XQ","","","","","","","","","","","","","","","","","","","","","","","","","","","","","","","","","","","","","","","","","","","","","","","","","","","","","","","","","","","","19",
"Macao SAR, China","MAC","Ease of doing business index (1=most business-friendly regulations)","IC.BUS.EASE.XQ","","","","","","","","","","","","","","","","","","","","","","","","","","","","","","","","","","","","","","","","","","","","","","","","","","","","","","","","","","","","",
"St. Martin (French part)","MAF","Ease of doing business index (1=most business-friendly regulations)","IC.BUS.EASE.XQ","","","","","","","","","","","","","","","","","","","","","","","","","","","","","","","","","","","","","","","","","","","","","","","","","","","","","","","","","","","","",
"Morocco","MAR","Ease of doing business index (1=most business-friendly regulations)","IC.BUS.EASE.XQ","","","","","","","","","","","","","","","","","","","","","","","","","","","","","","","","","","","","","","","","","","","","","","","","","","","","","","","","","","","","53",
"Monaco","MCO","Ease of doing business index (1=most business-friendly regulations)","IC.BUS.EASE.XQ","","","","","","","","","","","","","","","","","","","","","","","","","","","","","","","","","","","","","","","","","","","","","","","","","","","","","","","","","","","","",
"Moldova","MDA","Ease of doing business index (1=most business-friendly regulations)","IC.BUS.EASE.XQ","","","","","","","","","","","","","","","","","","","","","","","","","","","","","","","","","","","","","","","","","","","","","","","","","","","","","","","","","","","","48",
"Madagascar","MDG","Ease of doing business index (1=most business-friendly regulations)","IC.BUS.EASE.XQ","","","","","","","","","","","","","","","","","","","","","","","","","","","","","","","","","","","","","","","","","","","","","","","","","","","","","","","","","","","","161",
"Maldives","MDV","Ease of doing business index (1=most business-friendly regulations)","IC.BUS.EASE.XQ","","","","","","","","","","","","","","","","","","","","","","","","","","","","","","","","","","","","","","","","","","","","","","","","","","","","","","","","","","","","147",
"Middle East & North Africa","MEA","Ease of doing business index (1=most business-friendly regulations)","IC.BUS.EASE.XQ","","","","","","","","","","","","","","","","","","","","","","","","","","","","","","","","","","","","","","","","","","","","","","","","","","","","","","","","","","","","",
"Mexico","MEX","Ease of doing business index (1=most business-friendly regulations)","IC.BUS.EASE.XQ","","","","","","","","","","","","","","","","","","","","","","","","","","","","","","","","","","","","","","","","","","","","","","","","","","","","","","","","","","","","60",
"Marshall Islands","MHL","Ease of doing business index (1=most business-friendly regulations)","IC.BUS.EASE.XQ","","","","","","","","","","","","","","","","","","","","","","","","","","","","","","","","","","","","","","","","","","","","","","","","","","","","","","","","","","","","153",
"Middle income","MIC","Ease of doing business index (1=most business-friendly regulations)","IC.BUS.EASE.XQ","","","","","","","","","","","","","","","","","","","","","","","","","","","","","","","","","","","","","","","","","","","","","","","","","","","","","","","","","","","","",
"North Macedonia","MKD","Ease of doing business index (1=most business-friendly regulations)","IC.BUS.EASE.XQ","","","","","","","","","","","","","","","","","","","","","","","","","","","","","","","","","","","","","","","","","","","","","","","","","","","","","","","","","","","","17",
"Mali","MLI","Ease of doing business index (1=most business-friendly regulations)","IC.BUS.EASE.XQ","","","","","","","","","","","","","","","","","","","","","","","","","","","","","","","","","","","","","","","","","","","","","","","","","","","","","","","","","","","","148",
"Malta","MLT","Ease of doing business index (1=most business-friendly regulations)","IC.BUS.EASE.XQ","","","","","","","","","","","","","","","","","","","","","","","","","","","","","","","","","","","","","","","","","","","","","","","","","","","","","","","","","","","","88",
"Myanmar","MMR","Ease of doing business index (1=most business-friendly regulations)","IC.BUS.EASE.XQ","","","","","","","","","","","","","","","","","","","","","","","","","","","","","","","","","","","","","","","","","","","","","","","","","","","","","","","","","","","","165",
"Middle East & North Africa (excluding high income)","MNA","Ease of doing business index (1=most business-friendly regulations)","IC.BUS.EASE.XQ","","","","","","","","","","","","","","","","","","","","","","","","","","","","","","","","","","","","","","","","","","","","","","","","","","","","","","","","","","","","",
"Montenegro","MNE","Ease of doing business index (1=most business-friendly regulations)","IC.BUS.EASE.XQ","","","","","","","","","","","","","","","","","","","","","","","","","","","","","","","","","","","","","","","","","","","","","","","","","","","","","","","","","","","","50",
"Mongolia","MNG","Ease of doing business index (1=most business-friendly regulations)","IC.BUS.EASE.XQ","","","","","","","","","","","","","","","","","","","","","","","","","","","","","","","","","","","","","","","","","","","","","","","","","","","","","","","","","","","","81",
"Northern Mariana Islands","MNP","Ease of doing business index (1=most business-friendly regulations)","IC.BUS.EASE.XQ","","","","","","","","","","","","","","","","","","","","","","","","","","","","","","","","","","","","","","","","","","","","","","","","","","","","","","","","","","","","",
"Mozambique","MOZ","Ease of doing business index (1=most business-friendly regulations)","IC.BUS.EASE.XQ","","","","","","","","","","","","","","","","","","","","","","","","","","","","","","","","","","","","","","","","","","","","","","","","","","","","","","","","","","","","138",
"Mauritania","MRT","Ease of doing business index (1=most business-friendly regulations)","IC.BUS.EASE.XQ","","","","","","","","","","","","","","","","","","","","","","","","","","","","","","","","","","","","","","","","","","","","","","","","","","","","","","","","","","","","152",
"Mauritius","MUS","Ease of doing business index (1=most business-friendly regulations)","IC.BUS.EASE.XQ","","","","","","","","","","","","","","","","","","","","","","","","","","","","","","","","","","","","","","","","","","","","","","","","","","","","","","","","","","","","13",
"Malawi","MWI","Ease of doing business index (1=most business-friendly regulations)","IC.BUS.EASE.XQ","","","","","","","","","","","","","","","","","","","","","","","","","","","","","","","","","","","","","","","","","","","","","","","","","","","","","","","","","","","","109",
"Malaysia","MYS","Ease of doing business index (1=most business-friendly regulations)","IC.BUS.EASE.XQ","","","","","","","","","","","","","","","","","","","","","","","","","","","","","","","","","","","","","","","","","","","","","","","","","","","","","","","","","","","","12",
"North America","NAC","Ease of doing business index (1=most business-friendly regulations)","IC.BUS.EASE.XQ","","","","","","","","","","","","","","","","","","","","","","","","","","","","","","","","","","","","","","","","","","","","","","","","","","","","","","","","","","","","",
"Namibia","NAM","Ease of doing business index (1=most business-friendly regulations)","IC.BUS.EASE.XQ","","","","","","","","","","","","","","","","","","","","","","","","","","","","","","","","","","","","","","","","","","","","","","","","","","","","","","","","","","","","104",
"New Caledonia","NCL","Ease of doing business index (1=most business-friendly regulations)","IC.BUS.EASE.XQ","","","","","","","","","","","","","","","","","","","","","","","","","","","","","","","","","","","","","","","","","","","","","","","","","","","","","","","","","","","","",
"Niger","NER","Ease of doing business index (1=most business-friendly regulations)","IC.BUS.EASE.XQ","","","","","","","","","","","","","","","","","","","","","","","","","","","","","","","","","","","","","","","","","","","","","","","","","","","","","","","","","","","","132",
"Nigeria","NGA","Ease of doing business index (1=most business-friendly regulations)","IC.BUS.EASE.XQ","","","","","","","","","","","","","","","","","","","","","","","","","","","","","","","","","","","","","","","","","","","","","","","","","","","","","","","","","","","","131",
"Nicaragua","NIC","Ease of doing business index (1=most business-friendly regulations)","IC.BUS.EASE.XQ","","","","","","","","","","","","","","","","","","","","","","","","","","","","","","","","","","","","","","","","","","","","","","","","","","","","","","","","","","","","142",
"Netherlands","NLD","Ease of doing business index (1=most business-friendly regulations)","IC.BUS.EASE.XQ","","","","","","","","","","","","","","","","","","","","","","","","","","","","","","","","","","","","","","","","","","","","","","","","","","","","","","","","","","","","42",
"Norway","NOR","Ease of doing business index (1=most business-friendly regulations)","IC.BUS.EASE.XQ","","","","","","","","","","","","","","","","","","","","","","","","","","","","","","","","","","","","","","","","","","","","","","","","","","","","","","","","","","","","9",
"Nepal","NPL","Ease of doing business index (1=most business-friendly regulations)","IC.BUS.EASE.XQ","","","","","","","","","","","","","","","","","","","","","","","","","","","","","","","","","","","","","","","","","","","","","","","","","","","","","","","","","","","","94",
"Nauru","NRU","Ease of doing business index (1=most business-friendly regulations)","IC.BUS.EASE.XQ","","","","","","","","","","","","","","","","","","","","","","","","","","","","","","","","","","","","","","","","","","","","","","","","","","","","","","","","","","","","",
"New Zealand","NZL","Ease of doing business index (1=most business-friendly regulations)","IC.BUS.EASE.XQ","","","","","","","","","","","","","","","","","","","","","","","","","","","","","","","","","","","","","","","","","","","","","","","","","","","","","","","","","","","","1",
"OECD members","OED","Ease of doing business index (1=most business-friendly regulations)","IC.BUS.EASE.XQ","","","","","","","","","","","","","","","","","","","","","","","","","","","","","","","","","","","","","","","","","","","","","","","","","","","","","","","","","","","","",
"Oman","OMN","Ease of doing business index (1=most business-friendly regulations)","IC.BUS.EASE.XQ","","","","","","","","","","","","","","","","","","","","","","","","","","","","","","","","","","","","","","","","","","","","","","","","","","","","","","","","","","","","68",
"Other small states","OSS","Ease of doing business index (1=most business-friendly regulations)","IC.BUS.EASE.XQ","","","","","","","","","","","","","","","","","","","","","","","","","","","","","","","","","","","","","","","","","","","","","","","","","","","","","","","","","","","","",
"Pakistan","PAK","Ease of doing business index (1=most business-friendly regulations)","IC.BUS.EASE.XQ","","","","","","","","","","","","","","","","","","","","","","","","","","","","","","","","","","","","","","","","","","","","","","","","","","","","","","","","","","","","108",
"Panama","PAN","Ease of doing business index (1=most business-friendly regulations)","IC.BUS.EASE.XQ","","","","","","","","","","","","","","","","","","","","","","","","","","","","","","","","","","","","","","","","","","","","","","","","","","","","","","","","","","","","86",
"Peru","PER","Ease of doing business index (1=most business-friendly regulations)","IC.BUS.EASE.XQ","","","","","","","","","","","","","","","","","","","","","","","","","","","","","","","","","","","","","","","","","","","","","","","","","","","","","","","","","","","","76",
"Philippines","PHL","Ease of doing business index (1=most business-friendly regulations)","IC.BUS.EASE.XQ","","","","","","","","","","","","","","","","","","","","","","","","","","","","","","","","","","","","","","","","","","","","","","","","","","","","","","","","","","","","95",
"Palau","PLW","Ease of doing business index (1=most business-friendly regulations)","IC.BUS.EASE.XQ","","","","","","","","","","","","","","","","","","","","","","","","","","","","","","","","","","","","","","","","","","","","","","","","","","","","","","","","","","","","145",
"Papua New Guinea","PNG","Ease of doing business index (1=most business-friendly regulations)","IC.BUS.EASE.XQ","","","","","","","","","","","","","","","","","","","","","","","","","","","","","","","","","","","","","","","","","","","","","","","","","","","","","","","","","","","","120",
"Poland","POL","Ease of doing business index (1=most business-friendly regulations)","IC.BUS.EASE.XQ","","","","","","","","","","","","","","","","","","","","","","","","","","","","","","","","","","","","","","","","","","","","","","","","","","","","","","","","","","","","40",
"Pre-demographic dividend","PRE","Ease of doing business index (1=most business-friendly regulations)","IC.BUS.EASE.XQ","","","","","","","","","","","","","","","","","","","","","","","","","","","","","","","","","","","","","","","","","","","","","","","","","","","","","","","","","","","","",
"Puerto Rico","PRI","Ease of doing business index (1=most business-friendly regulations)","IC.BUS.EASE.XQ","","","","","","","","","","","","","","","","","","","","","","","","","","","","","","","","","","","","","","","","","","","","","","","","","","","","","","","","","","","","65",
"Korea, Dem. People’s Rep.","PRK","Ease of doing business index (1=most business-friendly regulations)","IC.BUS.EASE.XQ","","","","","","","","","","","","","","","","","","","","","","","","","","","","","","","","","","","","","","","","","","","","","","","","","","","","","","","","","","","","",
"Portugal","PRT","Ease of doing business index (1=most business-friendly regulations)","IC.BUS.EASE.XQ","","","","","","","","","","","","","","","","","","","","","","","","","","","","","","","","","","","","","","","","","","","","","","","","","","","","","","","","","","","","39",
"Paraguay","PRY","Ease of doing business index (1=most business-friendly regulations)","IC.BUS.EASE.XQ","","","","","","","","","","","","","","","","","","","","","","","","","","","","","","","","","","","","","","","","","","","","","","","","","","","","","","","","","","","","125",
"West Bank and Gaza","PSE","Ease of doing business index (1=most business-friendly regulations)","IC.BUS.EASE.XQ","","","","","","","","","","","","","","","","","","","","","","","","","","","","","","","","","","","","","","","","","","","","","","","","","","","","","","","","","","","","117",
"Pacific island small states","PSS","Ease of doing business index (1=most business-friendly regulations)","IC.BUS.EASE.XQ","","","","","","","","","","","","","","","","","","","","","","","","","","","","","","","","","","","","","","","","","","","","","","","","","","","","","","","","","","","","",
"Post-demographic dividend","PST","Ease of doing business index (1=most business-friendly regulations)","IC.BUS.EASE.XQ","","","","","","","","","","","","","","","","","","","","","","","","","","","","","","","","","","","","","","","","","","","","","","","","","","","","","","","","","","","","",
"French Polynesia","PYF","Ease of doing business index (1=most business-friendly regulations)","IC.BUS.EASE.XQ","","","","","","","","","","","","","","","","","","","","","","","","","","","","","","","","","","","","","","","","","","","","","","","","","","","","","","","","","","","","",
"Qatar","QAT","Ease of doing business index (1=most business-friendly regulations)","IC.BUS.EASE.XQ","","","","","","","","","","","","","","","","","","","","","","","","","","","","","","","","","","","","","","","","","","","","","","","","","","","","","","","","","","","","77",
"Romania","ROU","Ease of doing business index (1=most business-friendly regulations)","IC.BUS.EASE.XQ","","","","","","","","","","","","","","","","","","","","","","","","","","","","","","","","","","","","","","","","","","","","","","","","","","","","","","","","","","","","55",
"Russian Federation","RUS","Ease of doing business index (1=most business-friendly regulations)","IC.BUS.EASE.XQ","","","","","","","","","","","","","","","","","","","","","","","","","","","","","","","","","","","","","","","","","","","","","","","","","","","","","","","","","","","","28",
"Rwanda","RWA","Ease of doing business index (1=most business-friendly regulations)","IC.BUS.EASE.XQ","","","","","","","","","","","","","","","","","","","","","","","","","","","","","","","","","","","","","","","","","","","","","","","","","","","","","","","","","","","","38",
"South Asia","SAS","Ease of doing business index (1=most business-friendly regulations)","IC.BUS.EASE.XQ","","","","","","","","","","","","","","","","","","","","","","","","","","","","","","","","","","","","","","","","","","","","","","","","","","","","","","","","","","","","",
"Saudi Arabia","SAU","Ease of doing business index (1=most business-friendly regulations)","IC.BUS.EASE.XQ","","","","","","","","","","","","","","","","","","","","","","","","","","","","","","","","","","","","","","","","","","","","","","","","","","","","","","","","","","","","62",
"Sudan","SDN","Ease of doing business index (1=most business-friendly regulations)","IC.BUS.EASE.XQ","","","","","","","","","","","","","","","","","","","","","","","","","","","","","","","","","","","","","","","","","","","","","","","","","","","","","","","","","","","","171",
"Senegal","SEN","Ease of doing business index (1=most business-friendly regulations)","IC.BUS.EASE.XQ","","","","","","","","","","","","","","","","","","","","","","","","","","","","","","","","","","","","","","","","","","","","","","","","","","","","","","","","","","","","123",
"Singapore","SGP","Ease of doing business index (1=most business-friendly regulations)","IC.BUS.EASE.XQ","","","","","","","","","","","","","","","","","","","","","","","","","","","","","","","","","","","","","","","","","","","","","","","","","","","","","","","","","","","","2",
"Solomon Islands","SLB","Ease of doing business index (1=most business-friendly regulations)","IC.BUS.EASE.XQ","","","","","","","","","","","","","","","","","","","","","","","","","","","","","","","","","","","","","","","","","","","","","","","","","","","","","","","","","","","","136",
"Sierra Leone","SLE","Ease of doing business index (1=most business-friendly regulations)","IC.BUS.EASE.XQ","","","","","","","","","","","","","","","","","","","","","","","","","","","","","","","","","","","","","","","","","","","","","","","","","","","","","","","","","","","","163",
"El Salvador","SLV","Ease of doing business index (1=most business-friendly regulations)","IC.BUS.EASE.XQ","","","","","","","","","","","","","","","","","","","","","","","","","","","","","","","","","","","","","","","","","","","","","","","","","","","","","","","","","","","","91",
"San Marino","SMR","Ease of doing business index (1=most business-friendly regulations)","IC.BUS.EASE.XQ","","","","","","","","","","","","","","","","","","","","","","","","","","","","","","","","","","","","","","","","","","","","","","","","","","","","","","","","","","","","92",
"Somalia","SOM","Ease of doing business index (1=most business-friendly regulations)","IC.BUS.EASE.XQ","","","","","","","","","","","","","","","","","","","","","","","","","","","","","","","","","","","","","","","","","","","","","","","","","","","","","","","","","","","","190",
"Serbia","SRB","Ease of doing business index (1=most business-friendly regulations)","IC.BUS.EASE.XQ","","","","","","","","","","","","","","","","","","","","","","","","","","","","","","","","","","","","","","","","","","","","","","","","","","","","","","","","","","","","44",
"Sub-Saharan Africa (excluding high income)","SSA","Ease of doing business index (1=most business-friendly regulations)","IC.BUS.EASE.XQ","","","","","","","","","","","","","","","","","","","","","","","","","","","","","","","","","","","","","","","","","","","","","","","","","","","","","","","","","","","","",
"South Sudan","SSD","Ease of doing business index (1=most business-friendly regulations)","IC.BUS.EASE.XQ","","","","","","","","","","","","","","","","","","","","","","","","","","","","","","","","","","","","","","","","","","","","","","","","","","","","","","","","","","","","185",
"Sub-Saharan Africa","SSF","Ease of doing business index (1=most business-friendly regulations)","IC.BUS.EASE.XQ","","","","","","","","","","","","","","","","","","","","","","","","","","","","","","","","","","","","","","","","","","","","","","","","","","","","","","","","","","","","",
"Small states","SST","Ease of doing business index (1=most business-friendly regulations)","IC.BUS.EASE.XQ","","","","","","","","","","","","","","","","","","","","","","","","","","","","","","","","","","","","","","","","","","","","","","","","","","","","","","","","","","","","",
"Sao Tome and Principe","STP","Ease of doing business index (1=most business-friendly regulations)","IC.BUS.EASE.XQ","","","","","","","","","","","","","","","","","","","","","","","","","","","","","","","","","","","","","","","","","","","","","","","","","","","","","","","","","","","","170",
"Suriname","SUR","Ease of doing business index (1=most business-friendly regulations)","IC.BUS.EASE.XQ","","","","","","","","","","","","","","","","","","","","","","","","","","","","","","","","","","","","","","","","","","","","","","","","","","","","","","","","","","","","162",
"Slovak Republic","SVK","Ease of doing business index (1=most business-friendly regulations)","IC.BUS.EASE.XQ","","","","","","","","","","","","","","","","","","","","","","","","","","","","","","","","","","","","","","","","","","","","","","","","","","","","","","","","","","","","45",
"Slovenia","SVN","Ease of doing business index (1=most business-friendly regulations)","IC.BUS.EASE.XQ","","","","","","","","","","","","","","","","","","","","","","","","","","","","","","","","","","","","","","","","","","","","","","","","","","","","","","","","","","","","37",
"Sweden","SWE","Ease of doing business index (1=most business-friendly regulations)","IC.BUS.EASE.XQ","","","","","","","","","","","","","","","","","","","","","","","","","","","","","","","","","","","","","","","","","","","","","","","","","","","","","","","","","","","","10",
"Eswatini","SWZ","Ease of doing business index (1=most business-friendly regulations)","IC.BUS.EASE.XQ","","","","","","","","","","","","","","","","","","","","","","","","","","","","","","","","","","","","","","","","","","","","","","","","","","","","","","","","","","","","121",
"Sint Maarten (Dutch part)","SXM","Ease of doing business index (1=most business-friendly regulations)","IC.BUS.EASE.XQ","","","","","","","","","","","","","","","","","","","","","","","","","","","","","","","","","","","","","","","","","","","","","","","","","","","","","","","","","","","","",
"Seychelles","SYC","Ease of doing business index (1=most business-friendly regulations)","IC.BUS.EASE.XQ","","","","","","","","","","","","","","","","","","","","","","","","","","","","","","","","","","","","","","","","","","","","","","","","","","","","","","","","","","","","100",
"Syrian Arab Republic","SYR","Ease of doing business index (1=most business-friendly regulations)","IC.BUS.EASE.XQ","","","","","","","","","","","","","","","","","","","","","","","","","","","","","","","","","","","","","","","","","","","","","","","","","","","","","","","","","","","","176",
"Turks and Caicos Islands","TCA","Ease of doing business index (1=most business-friendly regulations)","IC.BUS.EASE.XQ","","","","","","","","","","","","","","","","","","","","","","","","","","","","","","","","","","","","","","","","","","","","","","","","","","","","","","","","","","","","",
"Chad","TCD","Ease of doing business index (1=most business-friendly regulations)","IC.BUS.EASE.XQ","","","","","","","","","","","","","","","","","","","","","","","","","","","","","","","","","","","","","","","","","","","","","","","","","","","","","","","","","","","","182",
"East Asia & Pacific (IDA & IBRD countries)","TEA","Ease of doing business index (1=most business-friendly regulations)","IC.BUS.EASE.XQ","","","","","","","","","","","","","","","","","","","","","","","","","","","","","","","","","","","","","","","","","","","","","","","","","","","","","","","","","","","","",
"Europe & Central Asia (IDA & IBRD countries)","TEC","Ease of doing business index (1=most business-friendly regulations)","IC.BUS.EASE.XQ","","","","","","","","","","","","","","","","","","","","","","","","","","","","","","","","","","","","","","","","","","","","","","","","","","","","","","","","","","","","",
"Togo","TGO","Ease of doing business index (1=most business-friendly regulations)","IC.BUS.EASE.XQ","","","","","","","","","","","","","","","","","","","","","","","","","","","","","","","","","","","","","","","","","","","","","","","","","","","","","","","","","","","","97",
"Thailand","THA","Ease of doing business index (1=most business-friendly regulations)","IC.BUS.EASE.XQ","","","","","","","","","","","","","","","","","","","","","","","","","","","","","","","","","","","","","","","","","","","","","","","","","","","","","","","","","","","","21",
"Tajikistan","TJK","Ease of doing business index (1=most business-friendly regulations)","IC.BUS.EASE.XQ","","","","","","","","","","","","","","","","","","","","","","","","","","","","","","","","","","","","","","","","","","","","","","","","","","","","","","","","","","","","106",
"Turkmenistan","TKM","Ease of doing business index (1=most business-friendly regulations)","IC.BUS.EASE.XQ","","","","","","","","","","","","","","","","","","","","","","","","","","","","","","","","","","","","","","","","","","","","","","","","","","","","","","","","","","","","",
"Latin America & the Caribbean (IDA & IBRD countries)","TLA","Ease of doing business index (1=most business-friendly regulations)","IC.BUS.EASE.XQ","","","","","","","","","","","","","","","","","","","","","","","","","","","","","","","","","","","","","","","","","","","","","","","","","","","","","","","","","","","","",
"Timor-Leste","TLS","Ease of doing business index (1=most business-friendly regulations)","IC.BUS.EASE.XQ","","","","","","","","","","","","","","","","","","","","","","","","","","","","","","","","","","","","","","","","","","","","","","","","","","","","","","","","","","","","181",
"Middle East & North Africa (IDA & IBRD countries)","TMN","Ease of doing business index (1=most business-friendly regulations)","IC.BUS.EASE.XQ","","","","","","","","","","","","","","","","","","","","","","","","","","","","","","","","","","","","","","","","","","","","","","","","","","","","","","","","","","","","",
"Tonga","TON","Ease of doing business index (1=most business-friendly regulations)","IC.BUS.EASE.XQ","","","","","","","","","","","","","","","","","","","","","","","","","","","","","","","","","","","","","","","","","","","","","","","","","","","","","","","","","","","","103",
"South Asia (IDA & IBRD)","TSA","Ease of doing business index (1=most business-friendly regulations)","IC.BUS.EASE.XQ","","","","","","","","","","","","","","","","","","","","","","","","","","","","","","","","","","","","","","","","","","","","","","","","","","","","","","","","","","","","",
"Sub-Saharan Africa (IDA & IBRD countries)","TSS","Ease of doing business index (1=most business-friendly regulations)","IC.BUS.EASE.XQ","","","","","","","","","","","","","","","","","","","","","","","","","","","","","","","","","","","","","","","","","","","","","","","","","","","","","","","","","","","","",
"Trinidad and Tobago","TTO","Ease of doing business index (1=most business-friendly regulations)","IC.BUS.EASE.XQ","","","","","","","","","","","","","","","","","","","","","","","","","","","","","","","","","","","","","","","","","","","","","","","","","","","","","","","","","","","","105",
"Tunisia","TUN","Ease of doing business index (1=most business-friendly regulations)","IC.BUS.EASE.XQ","","","","","","","","","","","","","","","","","","","","","","","","","","","","","","","","","","","","","","","","","","","","","","","","","","","","","","","","","","","","78",
"Turkey","TUR","Ease of doing business index (1=most business-friendly regulations)","IC.BUS.EASE.XQ","","","","","","","","","","","","","","","","","","","","","","","","","","","","","","","","","","","","","","","","","","","","","","","","","","","","","","","","","","","","33",
"Tuvalu","TUV","Ease of doing business index (1=most business-friendly regulations)","IC.BUS.EASE.XQ","","","","","","","","","","","","","","","","","","","","","","","","","","","","","","","","","","","","","","","","","","","","","","","","","","","","","","","","","","","","",
"Tanzania","TZA","Ease of doing business index (1=most business-friendly regulations)","IC.BUS.EASE.XQ","","","","","","","","","","","","","","","","","","","","","","","","","","","","","","","","","","","","","","","","","","","","","","","","","","","","","","","","","","","","141",
"Uganda","UGA","Ease of doing business index (1=most business-friendly regulations)","IC.BUS.EASE.XQ","","","","","","","","","","","","","","","","","","","","","","","","","","","","","","","","","","","","","","","","","","","","","","","","","","","","","","","","","","","","116",
"Ukraine","UKR","Ease of doing business index (1=most business-friendly regulations)","IC.BUS.EASE.XQ","","","","","","","","","","","","","","","","","","","","","","","","","","","","","","","","","","","","","","","","","","","","","","","","","","","","","","","","","","","","64",
"Upper middle income","UMC","Ease of doing business index (1=most business-friendly regulations)","IC.BUS.EASE.XQ","","","","","","","","","","","","","","","","","","","","","","","","","","","","","","","","","","","","","","","","","","","","","","","","","","","","","","","","","","","","",
"Uruguay","URY","Ease of doing business index (1=most business-friendly regulations)","IC.BUS.EASE.XQ","","","","","","","","","","","","","","","","","","","","","","","","","","","","","","","","","","","","","","","","","","","","","","","","","","","","","","","","","","","","101",
"United States","USA","Ease of doing business index (1=most business-friendly regulations)","IC.BUS.EASE.XQ","","","","","","","","","","","","","","","","","","","","","","","","","","","","","","","","","","","","","","","","","","","","","","","","","","","","","","","","","","","","6",
"Uzbekistan","UZB","Ease of doing business index (1=most business-friendly regulations)","IC.BUS.EASE.XQ","","","","","","","","","","","","","","","","","","","","","","","","","","","","","","","","","","","","","","","","","","","","","","","","","","","","","","","","","","","","69",
"St. Vincent and the Grenadines","VCT","Ease of doing business index (1=most business-friendly regulations)","IC.BUS.EASE.XQ","","","","","","","","","","","","","","","","","","","","","","","","","","","","","","","","","","","","","","","","","","","","","","","","","","","","","","","","","","","","130",
"Venezuela, RB","VEN","Ease of doing business index (1=most business-friendly regulations)","IC.BUS.EASE.XQ","","","","","","","","","","","","","","","","","","","","","","","","","","","","","","","","","","","","","","","","","","","","","","","","","","","","","","","","","","","","188",
"British Virgin Islands","VGB","Ease of doing business index (1=most business-friendly regulations)","IC.BUS.EASE.XQ","","","","","","","","","","","","","","","","","","","","","","","","","","","","","","","","","","","","","","","","","","","","","","","","","","","","","","","","","","","","",
"Virgin Islands (U.S.)","VIR","Ease of doing business index (1=most business-friendly regulations)","IC.BUS.EASE.XQ","","","","","","","","","","","","","","","","","","","","","","","","","","","","","","","","","","","","","","","","","","","","","","","","","","","","","","","","","","","","",
"Vietnam","VNM","Ease of doing business index (1=most business-friendly regulations)","IC.BUS.EASE.XQ","","","","","","","","","","","","","","","","","","","","","","","","","","","","","","","","","","","","","","","","","","","","","","","","","","","","","","","","","","","","70",
"Vanuatu","VUT","Ease of doing business index (1=most business-friendly regulations)","IC.BUS.EASE.XQ","","","","","","","","","","","","","","","","","","","","","","","","","","","","","","","","","","","","","","","","","","","","","","","","","","","","","","","","","","","","107",
"World","WLD","Ease of doing business index (1=most business-friendly regulations)","IC.BUS.EASE.XQ","","","","","","","","","","","","","","","","","","","","","","","","","","","","","","","","","","","","","","","","","","","","","","","","","","","","","","","","","","","","",
"Samoa","WSM","Ease of doing business index (1=most business-friendly regulations)","IC.BUS.EASE.XQ","","","","","","","","","","","","","","","","","","","","","","","","","","","","","","","","","","","","","","","","","","","","","","","","","","","","","","","","","","","","98",
"Kosovo","XKX","Ease of doing business index (1=most business-friendly regulations)","IC.BUS.EASE.XQ","","","","","","","","","","","","","","","","","","","","","","","","","","","","","","","","","","","","","","","","","","","","","","","","","","","","","","","","","","","","57",
"Yemen, Rep.","YEM","Ease of doing business index (1=most business-friendly regulations)","IC.BUS.EASE.XQ","","","","","","","","","","","","","","","","","","","","","","","","","","","","","","","","","","","","","","","","","","","","","","","","","","","","","","","","","","","","187",
"South Africa","ZAF","Ease of doing business index (1=most business-friendly regulations)","IC.BUS.EASE.XQ","","","","","","","","","","","","","","","","","","","","","","","","","","","","","","","","","","","","","","","","","","","","","","","","","","","","","","","","","","","","84",
"Zambia","ZMB","Ease of doing business index (1=most business-friendly regulations)","IC.BUS.EASE.XQ","","","","","","","","","","","","","","","","","","","","","","","","","","","","","","","","","","","","","","","","","","","","","","","","","","","","","","","","","","","","85",
"Zimbabwe","ZWE","Ease of doing business index (1=most business-friendly regulations)","IC.BUS.EASE.XQ","","","","","","","","","","","","","","","","","","","","","","","","","","","","","","","","","","","","","","","","","","","","","","","","","","","","","","","","","","","","140",
